clipboard,clipboard,Merriam-Webster,automatic
apple,apple,www.merriam-webster.com,automatic
nice,nice,www.merriam-webster.com,automatic
English,English,www.merriam-webster.com,automatic
english,English,www.merriam-webster.com,automatic
backslash,backslash,www.merriam-webster.com,automatic
run away,run away,www.merriam-webster.com,automatic
knife,knife,en.wiktionary.org,automatic
thursday,Thursday,en.wikipedia.org,automatic
self-reporting,self-reporting,en.wiktionary.org,automatic
cross-sectional,cross-sectional,www.merriam-webster.com,automatic
follow-up,follow-up,www.merriam-webster.com,automatic
post-test,posttest,www.merriam-webster.com,automatic
Likert,Likert,personal,manual (social science)
cutoff,cutoff,www.merriam-webster.com,automatic
breakdown,breakdown,www.merriam-webster.com,automatic
subsample,subsample,www.merriam-webster.com,automatic
posttest,posttest,www.merriam-webster.com,automatic
everydayness,everydayness,www.merriam-webster.com,automatic
ethicist,ethicist,www.merriam-webster.com,automatic
bioethicists,bioethicists,www.merriam-webster.com,automatic
specimens,specimens,www.merriam-webster.com,automatic
non-negative,nonnegative,www.merriam-webster.com,automatic
nonnegative,nonnegative,www.merriam-webster.com,automatic
non-intuitive,nonintuitive,www.merriam-webster.com,automatic
nonintuitive,nonintuitive,www.merriam-webster.com,automatic
inferential,inferential,www.merriam-webster.com,automatic
strong-arm,strong-arm,www.merriam-webster.com,automatic
soundstages,soundstages,www.merriam-webster.com,automatic
anti-nazi,anti-Nazi,www.merriam-webster.com,automatic
anti-Nazi,anti-Nazi,www.merriam-webster.com,automatic
emigre,emigre,www.merriam-webster.com,automatic
prurient,prurient,www.merriam-webster.com,automatic
Bible,bible,www.merriam-webster.com,automatic
bible,bible,www.merriam-webster.com,automatic
mind-boggling,mind-boggling,www.merriam-webster.com,automatic
post-christian,post-Christian,www.merriam-webster.com,automatic
post-Christian,post-Christian,www.merriam-webster.com,automatic
pre-Christian,pre-Christian,www.merriam-webster.com,automatic
multi-tasker,multitasker,www.merriam-webster.com,automatic
multitasker,multitasker,www.merriam-webster.com,automatic
newsflash,news flash,www.merriam-webster.com,automatic
news flash,news flash,www.merriam-webster.com,automatic
narrator,narrator,www.merriam-webster.com,automatic
lunchtime,lunchtime,www.merriam-webster.com,automatic
btw,by the way,personal,manual
ss,[SPEAKING SPANISH],personal,manual
mp,[MUSIC PLAYING],personal,manual
Achilles,Achilles,www.merriam-webster.com,automatic
tortious,tortious,www.merriam-webster.com,automatic
non-consensual,nonconsensual,www.merriam-webster.com,automatic
nonconsensual,nonconsensual,www.merriam-webster.com,automatic
yada yada,yada yada,www.merriam-webster.com,automatic
call-ups,call-ups,www.merriam-webster.com,automatic
call-up,call-up,www.merriam-webster.com,automatic
dc.c,dallascowboys.com,personal,manual
brisket,brisket,www.merriam-webster.com,automatic
breakup,breakup,www.merriam-webster.com,automatic
uh-oh,uh-oh,www.merriam-webster.com,automatic
doggone,doggone,www.merriam-webster.com,automatic
beat-down,beatdown,www.merriam-webster.com,automatic
beatdown,beatdown,www.merriam-webster.com,automatic
post-game,postgame,www.merriam-webster.com,automatic
postgame,postgame,www.merriam-webster.com,automatic
non-material,nonmaterial,www.merriam-webster.com,automatic
nonmaterial,nonmaterial,www.merriam-webster.com,automatic
arcsine,arcsine,www.merriam-webster.com,automatic
Maclaurin,Maclaurin,www.merriam-webster.com,automatic
kilogram,kilogram,www.merriam-webster.com,automatic
hyper-segregated,hyper-segregated,personal,manual
repass,repass,www.merriam-webster.com,automatic
glommed,glommed,www.merriam-webster.com,automatic
t-shirt,T-shirt,www.merriam-webster.com,automatic
T-shirt,T-shirt,www.merriam-webster.com,automatic
anti-racist,anti-racist,www.merriam-webster.com,automatic
hotspot,hotspot,www.merriam-webster.com,automatic
rhythmic,rhythmic,www.merriam-webster.com,automatic
commotion,commotion,www.merriam-webster.com,automatic
Narcan,Narcan,www.merriam-webster.com,automatic
self-care,self-care,www.merriam-webster.com,automatic
multi-sector,multi-sector,personal,manual
triennial,triennial,www.merriam-webster.com,automatic
semi-structured,semi-structured,personal,manual
non-food,nonfood,www.merriam-webster.com,automatic
nonfood,nonfood,www.merriam-webster.com,automatic
self-report,self-report,www.merriam-webster.com,automatic
choline,choline,www.merriam-webster.com,automatic
coenzymes,coenzymes,www.merriam-webster.com,automatic
coenzyme,coenzyme,www.merriam-webster.com,automatic
anoxia,anoxia,www.merriam-webster.com,automatic
pre-term,preterm,www.merriam-webster.com,automatic
preterm,preterm,www.merriam-webster.com,automatic
involution,involution,www.merriam-webster.com,automatic
pre-pregnancy,prepregnancy,personal,manual
prepregnancy,prepregnancy,personal,manual
post-pregnancy,post-pregnancy,personal,manual
post-birth,post-birth,personal,manual
non-twin,non-twin,personal,manual
extroverted,extraverted,personal,manual
bi-directional,bidirectional,www.merriam-webster.com,automatic
bidirectional,bidirectional,www.merriam-webster.com,automatic
co-construction,co-construction,personal,manual
basicity,basicity,www.merriam-webster.com,automatic
pH,pH,www.merriam-webster.com,automatic
rhododendrons,rhododendrons,www.merriam-webster.com,automatic
semi-arid,semiarid,www.merriam-webster.com,automatic
semiarid,semiarid,www.merriam-webster.com,automatic
cations,cations,www.merriam-webster.com,automatic
humus,humus,www.merriam-webster.com,automatic
acidification,acidification,www.merriam-webster.com,automatic
complexation,complexation,www.merriam-webster.com,automatic
x-rays,X-rays,personal,manual
X-rays,X-rays,www.merriam-webster.com,automatic
misfiles,misfiles,www.merriam-webster.com,automatic
pre-printed,preprint,www.merriam-webster.com,automatic
multi-specialty,multispecialty,personal,manual
non-routine,nonroutine,www.merriam-webster.com,automatic
nonroutine,nonroutine,www.merriam-webster.com,automatic
misfile,misfile,www.merriam-webster.com,automatic
dumbwaiters,dumbwaiters,www.merriam-webster.com,automatic
man-made,man-made,www.merriam-webster.com,automatic
self-sufficiency,self-sufficiency,www.merriam-webster.com,automatic
non-disabled,nondisabled,www.merriam-webster.com,automatic
nondisabled,nondisabled,www.merriam-webster.com,automatic
non-recurring,nonrecurring,www.merriam-webster.com,automatic
nonrecurring,nonrecurring,www.merriam-webster.com,automatic
imputed,imputed,www.merriam-webster.com,automatic
co-owner,co-owner,www.merriam-webster.com,automatic
quadruped,quadruped,www.merriam-webster.com,automatic
microwatts,microwatts,www.merriam-webster.com,automatic
cross-check,cross-check,www.merriam-webster.com,automatic
handwashing,handwashing,www.merriam-webster.com,automatic
workaround,work-around,www.merriam-webster.com,automatic
buy-in,buy-in,www.merriam-webster.com,automatic
biannually,biannually,personal,manual
pro-choice,pro-choice,www.merriam-webster.com,automatic
pro-life,pro-life,www.merriam-webster.com,automatic
ascites,ascites,www.merriam-webster.com,automatic
emesis,emesis,www.merriam-webster.com,automatic
pyrosis,pyrosis,www.merriam-webster.com,automatic
code-book,codebook,www.merriam-webster.com,automatic
codebook,codebook,www.merriam-webster.com,automatic
cheilitis,cheilitis,www.merriam-webster.com,automatic
cheilosis,cheilosis,www.merriam-webster.com,automatic
caries,caries,www.merriam-webster.com,automatic
leukoplakia,leukoplakia,www.merriam-webster.com,automatic
ptyalism,ptyalism,www.merriam-webster.com,automatic
sialoadenitis,sialadenitis,www.merriam-webster.com,automatic
sialolithiasis,sialolithiasis,www.merriam-webster.com,automatic
achalasia,achalasia,www.merriam-webster.com,automatic
dyspepsia,dyspepsia,www.merriam-webster.com,automatic
omphalocele,omphalocele,www.merriam-webster.com,automatic
navel,navel,www.merriam-webster.com,automatic
obstipation,obstipation,www.merriam-webster.com,automatic
ileus,ileus,www.merriam-webster.com,automatic
intessusception,intussusception,personal,manual
intussusception,intussusception,www.merriam-webster.com,automatic
volvulus,volvulus,www.merriam-webster.com,automatic
proctitis,proctitis,www.merriam-webster.com,automatic
melanocytes,melanocytes,www.merriam-webster.com,automatic
aphthous,aphthous,www.merriam-webster.com,automatic
Hertz,hertz,www.merriam-webster.com,automatic
prosody,prosody,www.merriam-webster.com,automatic
co-founder,cofounder,www.merriam-webster.com,automatic
co-founders,cofounders,personal,manual
showreel,showreel,personal,manual
toolset,tool set,personal,manual
post-production,postproduction,www.merriam-webster.com,automatic
postproduction,postproduction,www.merriam-webster.com,automatic
R&D,R&D,www.merriam-webster.com,automatic
pre-work,prework,www.merriam-webster.com,automatic
prework,prework,www.merriam-webster.com,automatic
workgroup,workgroup,www.merriam-webster.com,automatic
brie,Brie,www.merriam-webster.com,automatic
Brie,Brie,www.merriam-webster.com,automatic
econometric,econometric,www.merriam-webster.com,automatic
co-benefits,co-benefits,personal,manual
non-living,nonliving,www.merriam-webster.com,automatic
nonliving,nonliving,www.merriam-webster.com,automatic
non-equilibrium,nonequilibrium,www.merriam-webster.com,automatic
nonequilibrium,nonequilibrium,www.merriam-webster.com,automatic
oocyte,oocyte,www.merriam-webster.com,automatic
self-organized,self-organized,personal,manual
nonreciprocal,nonreciprocal,www.merriam-webster.com,automatic
cross-linked,cross-linked,www.merriam-webster.com,automatic
coverslips,coverslips,www.merriam-webster.com,automatic
auto-correlation,autocorrelation,www.merriam-webster.com,automatic
autocorrelation,autocorrelation,www.merriam-webster.com,automatic
timescales,timescales,www.merriam-webster.com,automatic
non-monotonic,non-monotonic,personal,manual
takeaways,takeaways,www.merriam-webster.com,automatic
timescale,timescale,www.merriam-webster.com,automatic
symmetric,symmetric,www.merriam-webster.com,automatic
fine-tune,fine-tune,www.merriam-webster.com,automatic
bioinspired,bioinspired,www.merriam-webster.com,automatic
cilia,cilia,www.merriam-webster.com,automatic
close-up,close-up,www.merriam-webster.com,automatic
non-reciprocal,nonreciprocal,www.merriam-webster.com,automatic
co-rotating,corotating,www.merriam-webster.com,automatic
non-reciprocity,nonreciprocity,www.merriam-webster.com,automatic
nonreciprocity,nonreciprocity,www.merriam-webster.com,automatic
cofactor,cofactor,www.merriam-webster.com,automatic
cliche,cliche,www.merriam-webster.com,automatic
freestanding,freestanding,www.merriam-webster.com,automatic
Gothic,Gothic,www.merriam-webster.com,automatic
greenhouses,greenhouses,www.merriam-webster.com,automatic
frost-line,frost line,www.merriam-webster.com,automatic
sidewall,sidewall,www.merriam-webster.com,automatic
trough,trough,www.merriam-webster.com,automatic
rainwater,rainwater,www.merriam-webster.com,automatic
in-wall,inwall,www.merriam-webster.com,automatic
inwall,inwall,www.merriam-webster.com,automatic
eave,eave,www.merriam-webster.com,automatic
truss,truss,www.merriam-webster.com,automatic
purlin,purlin,www.merriam-webster.com,automatic
sash,sash,www.merriam-webster.com,automatic
headhouse,headhouse,www.merriam-webster.com,automatic
non-growing,nongrowing,www.merriam-webster.com,automatic
alongside,alongside,www.merriam-webster.com,automatic
multiwall,multiwall,www.merriam-webster.com,automatic
corrugated,corrugated,www.merriam-webster.com,automatic
micro-level,microlevel,www.merriam-webster.com,automatic
zig-zag,zigzag,www.merriam-webster.com,automatic
anti-condensate,anti-condensate,personal,manual
ridgeline,ridgeline,www.merriam-webster.com,automatic
arrange,arrange,www.merriam-webster.com,automatic
dados,dados,www.merriam-webster.com,automatic
dado,dado,www.merriam-webster.com,automatic
pre-defines,predefines,personal,manual
Voxel,voxel,www.merriam-webster.com,automatic
voxel,voxel,www.merriam-webster.com,automatic
snowplow,snowplow,www.merriam-webster.com,automatic
probably,probably,www.merriam-webster.com,automatic
401(k),401(k),www.merriam-webster.com,automatic
self-aware,self-aware,www.merriam-webster.com,automatic
four-wheelers,four-wheelers,www.merriam-webster.com,automatic
citywide,citywide,www.merriam-webster.com,automatic
co-author,coauthor,www.merriam-webster.com,automatic
proteomics,proteomics,www.merriam-webster.com,automatic
non-regulatory,nonregulatory,www.merriam-webster.com,automatic
bycatch,bycatch,www.merriam-webster.com,automatic
biomaterial,biomaterial,www.merriam-webster.com,automatic
alliance,alliance,www.merriam-webster.com,automatic
non-profit,nonprofit,www.merriam-webster.com,automatic
non-governmental,nongovernmental,www.merriam-webster.com,automatic
prospection,prospection,www.merriam-webster.com,automatic
co-create,cocreate,www.merriam-webster.com,automatic
caret,caret,www.merriam-webster.com,automatic
Wi-Fi,Wi-Fi,www.merriam-webster.com,automatic
trojan,Trojan,www.merriam-webster.com,automatic
indiarubber,india rubber,www.merriam-webster.com,automatic
nightdress,nightdress,www.merriam-webster.com,automatic
bourgeois,bourgeois,www.merriam-webster.com,automatic
re-experience,reexperience,www.merriam-webster.com,automatic
reexperience,reexperience,www.merriam-webster.com,automatic
cafes,cafes,www.merriam-webster.com,automatic
wild life,wildlife,www.merriam-webster.com,automatic
rambutan,rambutan,www.merriam-webster.com,automatic
kris,kris,www.merriam-webster.com,automatic
krises,krises,www.merriam-webster.com,automatic
malay,Malay,www.merriam-webster.com,automatic
preen,preen,www.merriam-webster.com,automatic
9-to-5,nine-to-five,www.merriam-webster.com,automatic
Zeppelin,zeppelin,www.merriam-webster.com,automatic
pre-islamic,pre-Islamic,www.merriam-webster.com,automatic
Wahhabism,Wahhabism,www.merriam-webster.com,automatic
non-Muslims,non-Muslims,www.merriam-webster.com,automatic
post-war,postwar,www.merriam-webster.com,automatic
sufistic,Sufistic,www.merriam-webster.com,automatic
Kelantan,Kelantan,www.merriam-webster.com,automatic
babirusa,babirusa,www.merriam-webster.com,automatic
archeological,archaeological,www.merriam-webster.com,automatic
et al,et al.,www.merriam-webster.com,automatic
Celsius,Celsius,www.merriam-webster.com,automatic
outgroup,out-group,www.merriam-webster.com,automatic
trashcan,trash can,www.merriam-webster.com,automatic
archeology,archaeology,www.merriam-webster.com,automatic
Baroque,baroque,www.merriam-webster.com,automatic
textbooks,textbooks,www.merriam-webster.com,automatic
frigate,frigate,www.merriam-webster.com,automatic
icy,icy,www.merriam-webster.com,automatic
tricolor,tricolor,www.merriam-webster.com,automatic
boudoir,boudoir,www.merriam-webster.com,automatic
furor,furor,www.merriam-webster.com,automatic
self-awareness,self-awareness,www.merriam-webster.com,automatic
aspirational,aspirational,www.merriam-webster.com,automatic
-1,negative 1,personal,manual
extrema,extrema,www.merriam-webster.com,automatic
depreciative,depreciative,www.merriam-webster.com,automatic
7-year-old,seven-year-old,personal,manual
scorecard,scorecard,www.merriam-webster.com,automatic
nonfeasance,nonfeasance,www.merriam-webster.com,automatic
customizable,customizable,www.merriam-webster.com,automatic
fight-or-flight,fight-or-flight,www.merriam-webster.com,automatic
co-creating,cocreating,www.merriam-webster.com,automatic
doormat,doormat,www.merriam-webster.com,automatic
self-interests,self-interests,www.merriam-webster.com,automatic
bulldog,bulldog,www.merriam-webster.com,automatic
storytelling,storytelling,www.merriam-webster.com,automatic
re-examine,reexamine,www.merriam-webster.com,automatic
sterling,sterling,www.merriam-webster.com,automatic
cross-pollination,cross-pollination,www.merriam-webster.com,automatic
touchy-feely,touchy-feely,www.merriam-webster.com,automatic
decision-making,decision-making,www.merriam-webster.com,automatic
mono,mono,www.merriam-webster.com,automatic
differentiable,differentiable,www.merriam-webster.com,automatic
workspaces,workspaces,www.merriam-webster.com,automatic
self-directed,self-directed,www.merriam-webster.com,automatic
non-verbal,nonverbal,www.merriam-webster.com,automatic
pre-K,pre-K,www.merriam-webster.com,automatic
non-verbally,nonverbally,www.merriam-webster.com,automatic
adventitiously,adventitiously,www.merriam-webster.com,automatic
center line,centerline,www.merriam-webster.com,automatic
handrails,handrails,www.merriam-webster.com,automatic
aluminum,aluminum,www.merriam-webster.com,automatic
Braille,braille,www.merriam-webster.com,automatic
motorically,motorically,www.merriam-webster.com,automatic
non-threatening,nonthreatening,www.merriam-webster.com,automatic
drop-offs,drop-offs,www.merriam-webster.com,automatic
semi-independent,semi-independent,www.merriam-webster.com,automatic
pick-ups,pickups,www.merriam-webster.com,automatic
pickups,pickups,www.merriam-webster.com,automatic
self-image,self-image,www.merriam-webster.com,automatic
fingerspelling,finger spelling,www.merriam-webster.com,automatic
andrology,andrology,www.merriam-webster.com,automatic
teste,teste,personal,manual
testis,testis,www.merriam-webster.com,automatic
gametes,gametes,www.merriam-webster.com,automatic
epididymis,epididymis,www.merriam-webster.com,automatic
prepuce,prepuce,www.merriam-webster.com,automatic
sagittal,sagittal,www.merriam-webster.com,automatic
orchiectomy,orchiectomy,www.merriam-webster.com,automatic
spermatozoon,spermatozoon,www.merriam-webster.com,automatic
vas deferens,vas deferens,www.merriam-webster.com,automatic
off-label,off-label,www.merriam-webster.com,automatic
Powerpoint,PowerPoint,personal,manual
PowerPoint,PowerPoint,personal,manual
toolbox,toolbox,www.merriam-webster.com,automatic
meta-analysis,meta-analysis,www.merriam-webster.com,automatic
Band-Aid,Band-Aid,www.merriam-webster.com,automatic
fast-forward,fast-forward,www.merriam-webster.com,automatic
non-empty,non-empty,www.merriam-webster.com,automatic
black-box,black box,www.merriam-webster.com,automatic
optima,optima,www.merriam-webster.com,automatic
enterable,enterable,www.merriam-webster.com,automatic
hyperplanes,hyperplanes,www.merriam-webster.com,automatic
polyhedra,polyhedra,www.merriam-webster.com,automatic
decision-makers,decision-makers,www.merriam-webster.com,automatic
end-user,end user,www.merriam-webster.com,automatic
non-expert,nonexpert,www.merriam-webster.com,automatic
nonexpert,nonexpert,www.merriam-webster.com,automatic
post-processor,post-processor,personal,manual
toolpath,toolpath,personal,manual
cutting-edge,cutting-edge,www.merriam-webster.com,automatic
semi-automatic,semiautomatic,www.merriam-webster.com,automatic
semiautomatic,semiautomatic,www.merriam-webster.com,automatic
workflow,workflow,www.merriam-webster.com,automatic
workpieces,workpieces,www.merriam-webster.com,automatic
offline,offline,www.merriam-webster.com,automatic
strangleholds,strangleholds,www.merriam-webster.com,automatic
know-how,know-how,www.merriam-webster.com,automatic
non-convex,non-convex,personal,manual
multi-armed,multiarmed,www.merriam-webster.com,automatic
time scale,timescale,www.merriam-webster.com,automatic
time-scale,timescale,www.merriam-webster.com,automatic
stochastic,stochastic,www.merriam-webster.com,automatic
mm-hmm,mm-hmm,www.merriam-webster.com,automatic
and/or,or,www.merriam-webster.com,automatic
textbook,textbook,www.merriam-webster.com,automatic
midday,midday,www.merriam-webster.com,automatic
paraxial,paraxial,www.merriam-webster.com,automatic
anlage,anlage,www.merriam-webster.com,automatic
vice versa,vice versa,www.merriam-webster.com,automatic
endplates,end plate,www.merriam-webster.com,automatic
de-lamination,delamination,www.merriam-webster.com,automatic
constitutive,constitutive,www.merriam-webster.com,automatic
claire,claire,www.merriam-webster.com,automatic
mesenchymal,mesenchymal,www.merriam-webster.com,automatic
post-operative,postoperative,www.merriam-webster.com,automatic
lipoaspirate,lipoaspirate,personal,manual
re-rupture,re-rupture,personal,manual
bursa,bursa,www.merriam-webster.com,automatic
post-op,post-op,www.merriam-webster.com,automatic
non-responders,nonresponder,www.merriam-webster.com,automatic
pre-clinical,preclinical,www.merriam-webster.com,automatic
Murine,murine,www.merriam-webster.com,automatic
haversian,Haversian,www.merriam-webster.com,automatic
osteonal,osteonal,www.merriam-webster.com,automatic
immunohistochemistry,immunohistochemistry,www.merriam-webster.com,automatic
paracrine,paracrine,www.merriam-webster.com,automatic
osseointegration,osseointegration,www.merriam-webster.com,automatic
post-operatively,postoperatively,www.merriam-webster.com,automatic
allograft,allograft,www.merriam-webster.com,automatic
osseointegrate,osseointegrate,en.wikipedia.org,automatic
nonunions,nonunions,www.merriam-webster.com,automatic
pluripotential,pluripotential,www.merriam-webster.com,automatic
osteogenesis,osteogenesis,www.merriam-webster.com,automatic
anti-angiogenesis,antiangiogenesis,www.merriam-webster.com,automatic
crankshaft,crankshaft,www.merriam-webster.com,automatic
pre-surgical,presurgical,www.merriam-webster.com,automatic
non-surgical,nonsurgical,www.merriam-webster.com,automatic
non-operative,nonoperative,www.merriam-webster.com,automatic
post-traumatic,post-traumatic,www.merriam-webster.com,automatic
anteversion,anteversion,www.merriam-webster.com,automatic
polymicrobial,polymicrobial,www.merriam-webster.com,automatic
inpatient,inpatient,www.merriam-webster.com,automatic
self-efficacy,self-efficacy,personal,manual
self-interest,self-interest,www.merriam-webster.com,automatic
self-determination,self-determination,www.merriam-webster.com,automatic
vis a vis,vis-a-vis,personal,manual
negativities,negativities,www.merriam-webster.com,automatic
writ large,writ large,personal,manual
disruptor,disruptor,personal,manual
dystopic,dystopic,www.merriam-webster.com,automatic
starships,starships,www.merriam-webster.com,automatic
self-conscious,self-conscious,www.merriam-webster.com,automatic
paintball,paintball,www.merriam-webster.com,automatic
co-ed,coed,www.merriam-webster.com,automatic
off-limits,off-limits,www.merriam-webster.com,automatic
prejudging,prejudging,www.merriam-webster.com,automatic
negativity,negativity,www.merriam-webster.com,automatic
uh-huh,uh-huh,www.merriam-webster.com,automatic
self-absorbed,self-absorbed,www.merriam-webster.com,automatic
self-aggrandizement,self-aggrandizement,www.merriam-webster.com,automatic
self-regulate,self-regulate,www.merriam-webster.com,automatic
counterparties,counterparties,www.merriam-webster.com,automatic
hard wired,hardwired,www.merriam-webster.com,automatic
hardwired,hardwired,www.merriam-webster.com,automatic
torque,torque,www.merriam-webster.com,automatic
vagal,vagal,www.merriam-webster.com,automatic
burnout,burnout,www.merriam-webster.com,automatic
well-done,well-done,www.merriam-webster.com,automatic
workplace,workplace,www.merriam-webster.com,automatic
pre-frame,pre-frame,personal,manual
knee-jerk,knee-jerk,www.merriam-webster.com,automatic
marshal,marshal,www.merriam-webster.com,automatic
untethered,untethered,www.merriam-webster.com,automatic
catastrophize,catastrophize,www.merriam-webster.com,automatic
whoa,whoa,www.merriam-webster.com,automatic
de-escalate,de-escalate,www.merriam-webster.com,automatic
recitation,recitation,www.merriam-webster.com,automatic
nitty gritty,nitty-gritty,www.merriam-webster.com,automatic
nitty-gritty,nitty-gritty,www.merriam-webster.com,automatic
pre-existing,preexisting,www.merriam-webster.com,automatic
heliotropic,heliotropic,www.merriam-webster.com,automatic
savvier,savvier,www.merriam-webster.com,automatic
overdirecting,overdirecting,www.merriam-webster.com,automatic
distal,distal,www.merriam-webster.com,automatic
risk-taking,risk-taking,www.merriam-webster.com,automatic
co-construct,co-construct,personal,manual
dyadic,dyadic,www.merriam-webster.com,automatic
co-workers,coworkers,www.merriam-webster.com,automatic
co-constructing,co-constructing,personal,manual
toolkit,tool kit,www.merriam-webster.com,automatic
tool kit,tool kit,www.merriam-webster.com,automatic
kth,k-th,personal,manual
contrapositive,contrapositive,www.merriam-webster.com,automatic
n-th,n-th,personal,manual
secant,secant,www.merriam-webster.com,automatic
tail-end,tail end,www.merriam-webster.com,automatic
collinear,collinear,www.merriam-webster.com,automatic
non-increasing,nonincreasing,www.merriam-webster.com,automatic
nonincreasing,nonincreasing,www.merriam-webster.com,automatic
rho,rho,www.merriam-webster.com,automatic
endpoints,end points,www.merriam-webster.com,automatic
endpoint,end point,personal,manual
scatterplot,scatterplot,www.merriam-webster.com,automatic
quartile,quartile,www.merriam-webster.com,automatic
mythmaking,mythmaking,www.merriam-webster.com,automatic
reimagine,reimagine,www.merriam-webster.com,automatic
foodways,foodways,www.merriam-webster.com,automatic
disaggregating,disaggregating,www.merriam-webster.com,automatic
brocades,brocades,www.merriam-webster.com,automatic
shipwreck,shipwreck,www.merriam-webster.com,automatic
long-standing,long-standing,www.merriam-webster.com,automatic
ceasefire,cease-fire,www.merriam-webster.com,automatic
foodstuffs,foodstuffs,www.merriam-webster.com,automatic
Bullion,bullion,www.merriam-webster.com,automatic
bullion,bullion,www.merriam-webster.com,automatic
anti-hero,antihero,www.merriam-webster.com,automatic
manioc,manioc,www.merriam-webster.com,automatic
self-abolition,self-abolition,personal,manual
subregions,subregions,www.merriam-webster.com,automatic
viceregal,viceregal,www.merriam-webster.com,automatic
specie,specie,www.merriam-webster.com,automatic
variegated,variegated,www.merriam-webster.com,automatic
knead,knead,www.merriam-webster.com,automatic
intra-European,intra-European,www.merriam-webster.com,automatic
coast line,coastline,www.merriam-webster.com,automatic
toolkits,tool kits,personal,manual
willpower,willpower,www.merriam-webster.com,automatic
probity,probity,www.merriam-webster.com,automatic
willy-nilly,willy-nilly,www.merriam-webster.com,automatic
liberatory,liberatory,www.merriam-webster.com,automatic
seismic,seismic,www.merriam-webster.com,automatic
nonprofits,nonprofits,www.merriam-webster.com,automatic
flak,flak,www.merriam-webster.com,automatic
sledge-hammer,sledgehammer,www.merriam-webster.com,automatic
sledgehammer,sledgehammer,www.merriam-webster.com,automatic
ns,[NO SPEECH],personal,manual
setbacks,setbacks,www.merriam-webster.com,automatic
pre-conscious,preconscious,www.merriam-webster.com,automatic
semi-conscious,semiconscious,www.merriam-webster.com,automatic
self-regulation,self-regulation,www.merriam-webster.com,automatic
well-being,well-being,www.merriam-webster.com,automatic
reframing,reframing,www.merriam-webster.com,automatic
effectivity,effectivity,www.merriam-webster.com,automatic
paternalism,paternalism,www.merriam-webster.com,automatic
a.k.a.,aka,www.merriam-webster.com,automatic
i.e.,i.e.,www.merriam-webster.com,automatic
non-voluntary,nonvoluntary,www.merriam-webster.com,automatic
checklist,checklist,www.merriam-webster.com,automatic
uncontroversial,uncontroversial,www.merriam-webster.com,automatic
pre-configure,preconfigure,personal,manual
co-authored,coauthored,www.merriam-webster.com,automatic
vis-a-vis,vis-a-vis,personal,manual
short-termist,short-termist,personal,manual
seatbelt,seat belt,www.merriam-webster.com,automatic
hula hoop,Hula-Hoop,www.merriam-webster.com,automatic
cardioid,cardioid,www.merriam-webster.com,automatic
maraschino,maraschino,www.merriam-webster.com,automatic
harddrive,hard drive,www.merriam-webster.com,automatic
soundscape,soundscape,www.merriam-webster.com,automatic
abomasal,abomasal,www.merriam-webster.com,automatic
abomasum,abomasum,www.merriam-webster.com,automatic
abortifacients,abortifacients,www.merriam-webster.com,automatic
titers,titers,www.merriam-webster.com,automatic
parturient,parturient,www.merriam-webster.com,automatic
post-parturient,post-parturient,personal,manual
dystocia,dystocia,www.merriam-webster.com,automatic
Bahiagrass,Bahia grass,www.merriam-webster.com,automatic
piperaceous,piperaceous,personal,manual
brucellosis,brucellosis,www.merriam-webster.com,automatic
non-infectious,noninfectious,www.merriam-webster.com,automatic
deficiency,deficiency,www.merriam-webster.com,automatic
silage,silage,www.merriam-webster.com,automatic
colostral,colostral,www.merriam-webster.com,automatic
arthrogryposis,arthrogryposis,www.merriam-webster.com,automatic
Styrofoam,Styrofoam,www.merriam-webster.com,automatic
orchitis,orchitis,www.merriam-webster.com,automatic
JuJu,juju,www.merriam-webster.com,automatic
bisector,bisector,www.merriam-webster.com,automatic
eurocentrism,Eurocentrism,www.merriam-webster.com,automatic
Eurocentrism,Eurocentrism,www.merriam-webster.com,automatic
s1,SPEAKER 1:,personal,manual
preceptors,preceptors,www.merriam-webster.com,automatic
codespace,code space,personal,manual
heads-up,heads-up,www.merriam-webster.com,automatic
dropdown,dropdown,www.merriam-webster.com,automatic
hertz,hertz,www.merriam-webster.com,automatic
conative,conative,www.merriam-webster.com,automatic
multi-step,multistep,www.merriam-webster.com,automatic
moonwalking,moonwalking,www.merriam-webster.com,automatic
pre-made,premade,www.merriam-webster.com,automatic
noninfectious,noninfectious,www.merriam-webster.com,automatic
HIV/AIDS,HIV/AIDS,personal,manual
co-evolved,coevolved,www.merriam-webster.com,automatic
miasma,miasma,www.merriam-webster.com,automatic
pre-history,prehistory,www.merriam-webster.com,automatic
judeo-christian,Judeo-Christian,www.merriam-webster.com,automatic
non-communicable,noncommunicable,www.merriam-webster.com,automatic
epidemiologic,epidemiologic,www.merriam-webster.com,automatic
non-transmissible,non-transmissible,personal,manual
nonhumans,nonhumans,www.merriam-webster.com,automatic
sars-cov-2,SARS-CoV-2,www.merriam-webster.com,automatic
Ebola,Ebola,www.merriam-webster.com,automatic
SARS,SARS,www.merriam-webster.com,automatic
MERS,MERS,www.merriam-webster.com,automatic
p:,PROFESSOR:,personal,manual
alkynes,alkynes,www.merriam-webster.com,automatic
triply,triply,www.merriam-webster.com,automatic
alkyl,alkyl,www.merriam-webster.com,automatic
propyl,propyl,www.merriam-webster.com,automatic
butyl,butyl,www.merriam-webster.com,automatic
hyper-reality,hyperreality,www.merriam-webster.com,automatic
self-reflexively,self-reflexively,www.merriam-webster.com,automatic
makeover,makeover,www.merriam-webster.com,automatic
self-scrutiny,self-scrutiny,www.merriam-webster.com,automatic
primetime,prime time,www.merriam-webster.com,automatic
non-cash,noncash,www.merriam-webster.com,automatic
Hawaii,Hawaii,www.merriam-webster.com,automatic
submarkets,submarkets,www.merriam-webster.com,automatic
microbrewery,microbrewery,www.merriam-webster.com,automatic
non-current,noncurrent,www.merriam-webster.com,automatic
non-linear,nonlinear,www.merriam-webster.com,automatic
nonsocial,nonsocial,www.merriam-webster.com,automatic
non-humans,nonhumans,personal,manual
non-human,nonhuman,personal,manual
take-up,take-up,www.merriam-webster.com,automatic
risque,risque,www.merriam-webster.com,automatic
pre-teen,preteen,www.merriam-webster.com,automatic
stepwise,stepwise,www.merriam-webster.com,automatic
fintech,fintech,www.merriam-webster.com,automatic
pre-sales,presales,www.merriam-webster.com,automatic
woah,whoa,personal,manual
Woah,Whoa,personal,manual
frontline,frontline,www.merriam-webster.com,automatic
demonstratable,demonstratable,www.merriam-webster.com,automatic
chatbot,chatbot,www.merriam-webster.com,automatic
muscle,muscle,www.merriam-webster.com,automatic
worldview,worldview,www.merriam-webster.com,automatic
panacea,panacea,www.merriam-webster.com,automatic
pushback,pushback,www.merriam-webster.com,automatic
Poisson,Poisson,personal,manual
%,percent,personal,manual
wastewater,wastewater,www.merriam-webster.com,automatic
excreta,excreta,www.merriam-webster.com,automatic
semi-permanent,semipermanent,www.merriam-webster.com,automatic
greywater,gray water,www.merriam-webster.com,automatic
watercourse,watercourse,www.merriam-webster.com,automatic
protracted,protracted,www.merriam-webster.com,automatic
trade-off,trade-off,www.merriam-webster.com,automatic
keywords,keywords,www.merriam-webster.com,automatic
pre-training,pretraining,personal,manual
pre-trained,pretrained,personal,manual
chatgpt,ChatGPT,personal,manual
self-driving,self-driving,personal,manual
powertrain,power train,www.merriam-webster.com,automatic
potholes,potholes,www.merriam-webster.com,automatic
likely,likely,www.merriam-webster.com,automatic
testbed,test bed,www.merriam-webster.com,automatic
groupthink,groupthink,www.merriam-webster.com,automatic
smartwatches,smartwatches,www.merriam-webster.com,automatic
analytes,analytes,www.merriam-webster.com,automatic
semi-crystalline,semicrystalline,www.merriam-webster.com,automatic
in-vivo,in vivo,www.merriam-webster.com,automatic
farmworkers,farmworkers,www.merriam-webster.com,automatic
re-emit,reemit,personal,manual
aluminosilicate,aluminosilicate,www.merriam-webster.com,automatic
zeolite,zeolite,www.merriam-webster.com,automatic
catalysis,catalysis,www.merriam-webster.com,automatic
Hepa,HEPA,www.merriam-webster.com,automatic
feedlot,feedlot,www.merriam-webster.com,automatic
aha,aha,www.merriam-webster.com,automatic
LiDAR,lidar,www.merriam-webster.com,automatic
non-coding,noncoding,www.merriam-webster.com,automatic
anti-cancer,anticancer,www.merriam-webster.com,automatic
cross-link,cross-link,www.merriam-webster.com,automatic
transactivates,transactivates,personal,manual
transactivator,transactivator,personal,manual
oligonucleotides,oligonucleotides,www.merriam-webster.com,automatic
haploinsufficiency,haploinsufficiency,personal,manual
firsthand,firsthand,www.merriam-webster.com,automatic
self-medicate,self-medicate,www.merriam-webster.com,automatic
de-escalation,de-escalation,www.merriam-webster.com,automatic
hyper-concentrated,hyperconcentrated,personal,manual
frontload,front-load,www.merriam-webster.com,automatic
deescalate,de-escalate,www.merriam-webster.com,automatic
double-booked,double-booked,www.merriam-webster.com,automatic
e-bike,e-bike,www.merriam-webster.com,automatic
ChatGPT,ChatGPT,personal,manual
grown-up,grown-up,www.merriam-webster.com,automatic
khanates,khanates,www.merriam-webster.com,automatic
khan,khan,www.merriam-webster.com,automatic
downward,downward,www.merriam-webster.com,automatic
non-standard,nonstandard,www.merriam-webster.com,automatic
microframework,microframework,personal,manual
GUI,GUI,www.merriam-webster.com,automatic
voila,voila,personal,manual
placeholder,placeholder,www.merriam-webster.com,automatic
phew,phew,www.merriam-webster.com,automatic
Frisbee,Frisbee,www.merriam-webster.com,automatic
non-obvious,nonobvious,www.merriam-webster.com,automatic
Drop-down,drop-down,www.merriam-webster.com,automatic
drop-down,drop-down,www.merriam-webster.com,automatic
checkbox,checkbox,www.merriam-webster.com,automatic
semi-colon,semicolon,www.merriam-webster.com,automatic
pre-written,pre-written,personal,manual
Luxembourg,Luxembourg,www.merriam-webster.com,automatic
IMDB,IMDb,personal,manual
wildcard,wildcard,www.merriam-webster.com,automatic
handstamp,handstamp,www.merriam-webster.com,automatic
non-zero,nonzero,www.merriam-webster.com,automatic
cross-product,cross product,www.merriam-webster.com,automatic
coplanar,coplanar,www.merriam-webster.com,automatic
kappa,kappa,www.merriam-webster.com,automatic
radicand,radicand,www.merriam-webster.com,automatic
isobar,isobar,www.merriam-webster.com,automatic
isotherm,isotherm,www.merriam-webster.com,automatic
equipotential,equipotential,www.merriam-webster.com,automatic
Kelvin,kelvin,personal,manual
Pascal,pascal,www.merriam-webster.com,automatic
cross-hatching,crosshatching,personal,manual
cobb-douglas,Cobb-Douglas,personal,manual
bottommost,bottommost,www.merriam-webster.com,automatic
eighth,eighth,www.merriam-webster.com,automatic
non-existence,nonexistence,www.merriam-webster.com,automatic
piecewise,piecewise,www.merriam-webster.com,automatic
differentiability,differentiability,www.merriam-webster.com,automatic
paraboloid,paraboloid,www.merriam-webster.com,automatic
binormal,binormal,www.merriam-webster.com,automatic
torsion,torsion,www.merriam-webster.com,automatic
osculating,osculating,www.merriam-webster.com,automatic
frenet-serret,Frenet-Serret,personal,manual
hairpin,hairpin,www.merriam-webster.com,automatic
integrand,integrand,www.merriam-webster.com,automatic
tic-tac-toe,tic-tac-toe,www.merriam-webster.com,automatic
antiderivatives,antiderivatives,www.merriam-webster.com,automatic
non-collinear,noncollinear,www.merriam-webster.com,automatic
Cartesian,Cartesian,www.merriam-webster.com,automatic
parameterization,parameterization,www.merriam-webster.com,automatic
coulombs,coulombs,www.merriam-webster.com,automatic
Tesla,tesla,www.merriam-webster.com,automatic
tesla,tesla,www.merriam-webster.com,automatic
Coulomb,coulomb,www.merriam-webster.com,automatic
nonzero,nonzero,www.merriam-webster.com,automatic
crosswinds,crosswinds,www.merriam-webster.com,automatic
quadric,quadric,www.merriam-webster.com,automatic
lozenge,lozenge,www.merriam-webster.com,automatic
boldfaced,boldfaced,www.merriam-webster.com,automatic
Clairaut's,Clairaut's,personal,manual
clairaut's,Clairaut's,personal,manual
timelines,timelines,personal,manual
roadshow,road show,www.merriam-webster.com,automatic
deadlifts,dead lifts,personal,manual
push-ups,push-ups,www.merriam-webster.com,automatic
weightlifting,weight lifting,personal,manual
dumbbell,dumbbell,www.merriam-webster.com,automatic
post-exercise,postexercise,www.merriam-webster.com,automatic
counter-movement,countermovement,personal,manual
countermovement,countermovement,www.merriam-webster.com,automatic
workouts,workouts,www.merriam-webster.com,automatic
powerclean,power clean,personal,manual
plank,plank,www.merriam-webster.com,automatic
burpee,burpee,www.merriam-webster.com,automatic
dumbbells,dumbbells,www.merriam-webster.com,automatic
barbells,barbells,www.merriam-webster.com,automatic
kettlebells,kettlebells,www.merriam-webster.com,automatic
pre-award,pre-award,personal,manual
pre-pandemic,pre-pandemic,personal,manual
bi-yearly,biyearly,www.merriam-webster.com,automatic
non-compliant,noncompliance,www.merriam-webster.com,automatic
mid-year,midyear,www.merriam-webster.com,automatic
fundraise,fundraise,www.merriam-webster.com,automatic
gauge,gauge,www.merriam-webster.com,automatic
Boolean,Boolean,www.merriam-webster.com,automatic
antiderivative,antiderivative,www.merriam-webster.com,automatic
love-hate,love-hate,www.merriam-webster.com,automatic
skewness,skewness,www.merriam-webster.com,automatic
henpecking,henpecking,www.merriam-webster.com,automatic
battlefields,battlefields,www.merriam-webster.com,automatic
Shenandoah,Shenandoah,www.merriam-webster.com,automatic
outmigration,out-migration,www.merriam-webster.com,automatic
epiphenomenon,epiphenomenon,www.merriam-webster.com,automatic
co-opting,co-opting,www.merriam-webster.com,automatic
yeehaw,yeehaw,www.merriam-webster.com,automatic
accede,accede,www.merriam-webster.com,automatic
re-election,reelect,www.merriam-webster.com,automatic
re-elect,reelect,www.merriam-webster.com,automatic
breadbasket,breadbasket,www.merriam-webster.com,automatic
re-elected,reelect,www.merriam-webster.com,automatic
fore-ordained,foreordained,www.merriam-webster.com,automatic
foreordained,foreordained,www.merriam-webster.com,automatic
offseason,offseason,www.merriam-webster.com,automatic
slaveholding?,slaveholding?,www.merriam-webster.com,automatic
perinatal,perinatal,www.merriam-webster.com,automatic
puerperium,puerperium,www.merriam-webster.com,automatic
codebook,code book,personal,manual
antenatal,antenatal,www.merriam-webster.com,automatic
hyaline,hyaline,www.merriam-webster.com,automatic
surfactants,surfactants,www.merriam-webster.com,automatic
meconium,meconium,www.merriam-webster.com,automatic
ophthalmia,ophthalmia,www.merriam-webster.com,automatic
Rh,Rh,www.merriam-webster.com,automatic
kernicterus,kernicterus,www.merriam-webster.com,automatic
fahrenheit,Fahrenheit,www.merriam-webster.com,automatic
craniotabes,craniotabes,www.merriam-webster.com,automatic
childbirth,childbirth,www.merriam-webster.com,automatic
non-pregnant,nonpregnant,www.merriam-webster.com,automatic
gravida,gravida,www.merriam-webster.com,automatic
nulligravida,nulligravida,www.merriam-webster.com,automatic
primigravida,primigravida,www.merriam-webster.com,automatic
ICD-10-CM,ICD-10-CM,personal,manual
ICD-10,ICD-10,personal,manual
morula,morula,www.merriam-webster.com,automatic
trophoblast,trophoblast,www.merriam-webster.com,automatic
dizygotic,dizygotic,www.merriam-webster.com,automatic
unigravida,unigravida,www.merriam-webster.com,automatic
chorion,chorion,www.merriam-webster.com,automatic
allantois,allantois,www.merriam-webster.com,automatic
amenorrhea,amenorrhea,www.merriam-webster.com,automatic
parturition,parturition,www.merriam-webster.com,automatic
parity,parity,www.merriam-webster.com,automatic
nullipara,nullipara,www.merriam-webster.com,automatic
primipara,primipara,www.merriam-webster.com,automatic
multipara,multipara,www.merriam-webster.com,automatic
multiparity,multiparity,www.merriam-webster.com,automatic
changeover,changeover,www.merriam-webster.com,automatic
hydatid,hydatid,www.merriam-webster.com,automatic
non-viable,nonviable,www.merriam-webster.com,automatic
pre-eclampsia,preeclampsia,www.merriam-webster.com,automatic
proteinuria,proteinuria,www.merriam-webster.com,automatic
cyesis,cyesis,www.merriam-webster.com,automatic
gravidarum,gravidarum,www.merriam-webster.com,automatic
pruritus,pruritus,www.merriam-webster.com,automatic
wheals,wheals,www.merriam-webster.com,automatic
papules,papules,www.merriam-webster.com,automatic
plaques,plaques,www.merriam-webster.com,automatic
ablatio,ablatio,www.merriam-webster.com,automatic
cerclage,cerclage,www.merriam-webster.com,automatic
breech,breech,www.merriam-webster.com,automatic
galacto,galact-,www.merriam-webster.com,automatic
agalactia,agalactia,www.merriam-webster.com,automatic
hypogalactia,hypogalactia,www.merriam-webster.com,automatic
nonstress,nonstress,www.merriam-webster.com,automatic
non-reactive,nonreactive,www.merriam-webster.com,automatic
pelvimetry,pelvimetry,www.merriam-webster.com,automatic
C-section,C-section,www.merriam-webster.com,automatic
episiotomy,episiotomy,www.merriam-webster.com,automatic
hematic,hematic,www.merriam-webster.com,automatic
hematopoiesis,hematopoiesis,www.merriam-webster.com,automatic
siderin,siderin,www.merriam-webster.com,automatic
multi-lobed,multilobed,www.merriam-webster.com,automatic
agranulocyte,agranulocyte,www.merriam-webster.com,automatic
agglutinogens,agglutinogens,www.merriam-webster.com,automatic
agglutinin,agglutinin,www.merriam-webster.com,automatic
non-specific,nonspecific,www.merriam-webster.com,automatic
pyrexia,pyrexia,www.merriam-webster.com,automatic
non-specifically,nonspecifically,www.merriam-webster.com,automatic
dactyly,dactyly,www.merriam-webster.com,automatic
syndactyly,syndactyly,www.merriam-webster.com,automatic
talipes,talipes,www.merriam-webster.com,automatic
clubfoot,clubfoot,www.merriam-webster.com,automatic
torticollis,torticollis,www.merriam-webster.com,automatic
wryneck,wryneck,www.merriam-webster.com,automatic
megacolon,megacolon,www.merriam-webster.com,automatic
atresia,atresia,www.merriam-webster.com,automatic
schisis,-schisis,www.merriam-webster.com,automatic
gastroschisis,gastroschisis,www.merriam-webster.com,automatic
exophthalmos,exophthalmos,www.merriam-webster.com,automatic
cryptorchidism,cryptorchidism,www.merriam-webster.com,automatic
hypospadias,hypospadias,www.merriam-webster.com,automatic
coarctation,coarctation,www.merriam-webster.com,automatic
craniorachischisis,craniorachischisis,www.merriam-webster.com,automatic
auricle,auricle,www.merriam-webster.com,automatic
homocysteine,homocysteine,www.merriam-webster.com,automatic
radiopaque,radiopaque,www.merriam-webster.com,automatic
cardioversion,cardioversion,www.merriam-webster.com,automatic
saphenous,saphenous,www.merriam-webster.com,automatic
anastomosed,anastomosed,www.merriam-webster.com,automatic
pericardiocentesis,pericardiocentesis,www.merriam-webster.com,automatic
aspersion,aspersion,www.merriam-webster.com,automatic
pericardiolysis,pericardiolysis,personal,manual
valvuloplasty,valvuloplasty,www.merriam-webster.com,automatic
lymphadenectomy,lymphadenectomy,www.merriam-webster.com,automatic
mammary,mammary,www.merriam-webster.com,automatic
artery,artery,www.merriam-webster.com,automatic
voodoo,voodoo,www.merriam-webster.com,automatic
workforce,workforce,www.merriam-webster.com,automatic
